<?xml version="1.0" encoding="UTF-8" ?>
<module>
    <name>seur</name>
    <displayName><![CDATA[SEUR]]></displayName>
    <version><![CDATA[2.5.21pr2]]></version>
    <description><![CDATA[Gestione sus env&iacute;os con SEUR. Lider en el env&iacute;o expres nacional e internacional]]></description>
    <author><![CDATA[Seur]]></author>
    <tab><![CDATA[shipping_logistics]]></tab>
	<confirmUninstall><![CDATA[¿Está seguro que desea desinatalar el módulo de Seur?]]></confirmUninstall>
    <is_configurable>1</is_configurable>
    <need_instance>0</need_instance>
	<limited_countries></limited_countries>
</module>
